,0,1,2
0,1.45,1.6,4.769168831074749
1,1.45,1.7789473684210528,4.379094388769816
2,1.45,1.9578947368421054,4.1406596261131785
3,1.45,2.136842105263158,3.995638256330478
4,1.45,2.3157894736842106,3.9097427734445227
5,1.45,2.4947368421052634,3.8614029882661574
6,1.45,2.673684210526316,3.836615230437927
7,1.45,2.8526315789473684,3.8262236131593825
8,1.45,3.031578947368421,3.824287718796849
9,1.45,3.210526315789474,3.8270176409179273
10,1.45,3.389473684210526,3.832052830073661
11,1.45,3.568421052631579,3.8379698562551474
12,1.45,3.7473684210526317,3.843948696835799
13,1.45,3.9263157894736844,3.849549479785615
14,1.45,4.105263157894736,3.854565497919429
15,1.45,4.284210526315789,3.858928125806035
16,1.45,4.463157894736842,3.8626464925308763
17,1.45,4.6421052631578945,3.8657700535176285
18,1.45,4.821052631578947,3.8683660056020144
19,1.45,5.0,3.870506161483241
20,1.45,5.0,3.870506161483241
21,1.45,5.333333333333333,3.8735105321329715
22,1.45,5.666666666666667,3.8755541207129984
23,1.45,6.0,3.876930901023002
24,1.45,6.333333333333333,3.877852751443265
25,1.45,6.666666666666666,3.8784675328338922
26,1.45,7.0,3.8788764612242472
27,1.45,7.333333333333333,3.8791479987885884
28,1.45,7.666666666666666,3.8793281026494917
29,1.45,8.0,3.8794474721395376
30,1.6368421052631579,1.6,2.8671241985785443
31,1.6368421052631579,1.7789473684210528,2.5440976062738825
32,1.6368421052631579,1.9578947368421054,2.364934193039576
33,1.6368421052631579,2.136842105263158,2.2701354657856343
34,1.6368421052631579,2.3157894736842106,2.2258069280232466
35,1.6368421052631579,2.4947368421052634,2.2114040419996983
36,1.6368421052631579,2.673684210526316,2.2141004287226314
37,1.6368421052631579,2.8526315789473684,2.22585987012523
38,1.6368421052631579,3.031578947368421,2.2417256322295325
39,1.6368421052631579,3.210526315789474,2.2587378270233573
40,1.6368421052631579,3.389473684210526,2.275220760745085
41,1.6368421052631579,3.568421052631579,2.290308826493011
42,1.6368421052631579,3.7473684210526317,2.3036329203059758
43,1.6368421052631579,3.9263157894736844,2.315116051898904
44,1.6368421052631579,4.105263157894736,2.3248427950550608
45,1.6368421052631579,4.284210526315789,2.3329779939342346
46,1.6368421052631579,4.463157894736842,2.3397177660443154
47,1.6368421052631579,4.6421052631578945,2.345261273131258
48,1.6368421052631579,4.821052631578947,2.3497955536783337
49,1.6368421052631579,5.0,2.35348835466639
50,1.6368421052631579,5.0,2.35348835466639
51,1.6368421052631579,5.333333333333333,2.3586088269223495
52,1.6368421052631579,5.666666666666667,2.362052470484184
53,1.6368421052631579,6.0,2.364355644820501
54,1.6368421052631579,6.333333333333333,2.3658905169271
55,1.6368421052631579,6.666666666666666,2.3669109713234446
56,1.6368421052631579,7.0,2.3675883661768795
57,1.6368421052631579,7.333333333333333,2.3680375733502848
58,1.6368421052631579,7.666666666666666,2.3683352596279965
59,1.6368421052631579,8.0,2.3685324463361397
60,1.8236842105263158,1.6,1.7719773315811798
61,1.8236842105263158,1.7789473684210528,1.4814829697313958
62,1.8236842105263158,1.9578947368421054,1.3323001222774244
63,1.8236842105263158,2.136842105263158,1.2633507959874124
64,1.8236842105263158,2.3157894736842106,1.2405547598240925
65,1.8236842105263158,2.4947368421052634,1.2437502955736786
66,1.8236842105263158,2.673684210526316,1.2606759347896443
67,1.8236842105263158,2.8526315789473684,1.2838710780632305
68,1.8236842105263158,3.031578947368421,1.308897163221675
69,1.8236842105263158,3.210526315789474,1.3332347379912997
70,1.8236842105263158,3.389473684210526,1.355571397587851
71,1.8236842105263158,3.568421052631579,1.3753362962882918
72,1.8236842105263158,3.7473684210526317,1.392397327079862
73,1.8236842105263158,3.9263157894736844,1.4068671272308633
74,1.8236842105263158,4.105263157894736,1.4189816310201282
75,1.8236842105263158,4.284210526315789,1.4290263790322493
76,1.8236842105263158,4.463157894736842,1.4372937157679353
77,1.8236842105263158,4.6421052631578945,1.4440595405124765
78,1.8236842105263158,4.821052631578947,1.4495721152194032
79,1.8236842105263158,5.0,1.4540480589480869
80,1.8236842105263158,5.0,1.4540480589480869
81,1.8236842105263158,5.333333333333333,1.460235161638869
82,1.8236842105263158,5.666666666666667,1.4643840499895635
83,1.8236842105263158,6.0,1.467153670445064
84,1.8236842105263158,6.333333333333333,1.468997113888374
85,1.8236842105263158,6.666666666666666,1.470221728955371
86,1.8236842105263158,7.0,1.471034216049839
87,1.8236842105263158,7.333333333333333,1.4715728189243569
88,1.8236842105263158,7.666666666666666,1.471929664284892
89,1.8236842105263158,8.0,1.472166001605713
90,2.0105263157894737,1.6,1.1404014657344406
91,2.0105263157894737,1.7789473684210528,0.8658137317513741
92,2.0105263157894737,1.9578947368421054,0.7321535897918953
93,2.0105263157894737,2.136842105263158,0.6768598032960417
94,2.0105263157894737,2.3157894736842106,0.6654964686763547
95,2.0105263157894737,2.4947368421052634,0.6780182503454998
96,2.0105263157894737,2.673684210526316,0.7024460504645191
97,2.0105263157894737,2.8526315789473684,0.7316316676326676
98,2.0105263157894737,3.031578947368421,0.7614240152332111
99,2.0105263157894737,3.210526315789474,0.7895485101861308
100,2.0105263157894737,3.389473684210526,0.8148934768452
101,2.0105263157894737,3.568421052631579,0.8370493412591088
102,2.0105263157894737,3.7473684210526317,0.8560122261377288
103,2.0105263157894737,3.9263157894736844,0.8719962242899354
104,2.0105263157894737,4.105263157894736,0.8853173978871345
105,2.0105263157894737,4.284210526315789,0.8963245701945732
106,2.0105263157894737,4.463157894736842,0.9053601114942833
107,2.0105263157894737,4.6421052631578945,0.9127395222415996
108,2.0105263157894737,4.821052631578947,0.9187424618403868
109,2.0105263157894737,5.0,0.9236104806584743
110,2.0105263157894737,5.0,0.9236104806584743
111,2.0105263157894737,5.333333333333333,0.9303309014737411
112,2.0105263157894737,5.666666666666667,0.9348319761153556
113,2.0105263157894737,6.0,0.937834337545621
114,2.0105263157894737,6.333333333333333,0.9398316624004727
115,2.0105263157894737,6.666666666666666,0.9411580528026519
116,2.0105263157894737,7.0,0.9420378677175584
117,2.0105263157894737,7.333333333333333,0.9426210167527683
118,2.0105263157894737,7.666666666666666,0.9430073380999079
119,2.0105263157894737,8.0,0.9432631808057852
120,2.1973684210526314,1.6,0.7791058011303837
121,2.1973684210526314,1.7789473684210528,0.5127635550417375
122,2.1973684210526314,1.9578947368421054,0.38769439166833297
123,2.1973684210526314,2.136842105263158,0.3400919534558412
124,2.1973684210526314,2.3157894736842106,0.3351701840092207
125,2.1973684210526314,2.4947368421052634,0.3529089769823068
126,2.1973684210526314,2.673684210526316,0.3814892306882884
127,2.1973684210526314,2.8526315789473684,0.41395159848856233
128,2.1973684210526314,3.031578947368421,0.44632029641353954
129,2.1973684210526314,3.210526315789474,0.4764689043896791
130,2.1973684210526314,3.389473684210526,0.5034054485178764
131,2.1973684210526314,3.568421052631579,0.5268148627744339
132,2.1973684210526314,3.7473684210526317,0.546767046132802
133,2.1973684210526314,3.9263157894736844,0.5635334150786773
134,2.1973684210526314,4.105263157894736,0.5774745363201835
135,2.1973684210526314,4.284210526315789,0.5889738342730914
136,2.1973684210526314,4.463157894736842,0.5984006507372654
137,2.1973684210526314,4.6421052631578945,0.6060915761586173
138,2.1973684210526314,4.821052631578947,0.6123428144397697
139,2.1973684210526314,5.0,0.6174089350631071
140,2.1973684210526314,5.0,0.6174089350631071
141,2.1973684210526314,5.333333333333333,0.6243982031584352
142,2.1973684210526314,5.666666666666667,0.6290764185283568
143,2.1973684210526314,6.0,0.6321956669598588
144,2.1973684210526314,6.333333333333333,0.6342701965380466
145,2.1973684210526314,6.666666666666666,0.6356476151424425
146,2.1973684210526314,7.0,0.6365611719652754
147,2.1973684210526314,7.333333333333333,0.6371666391170703
148,2.1973684210526314,7.666666666666666,0.6375677253767769
149,2.1973684210526314,8.0,0.6378333373257583
150,2.3842105263157896,1.6,0.5770103915261756
151,2.3842105263157896,1.7789473684210528,0.3155874313619425
152,2.3842105263157896,1.9578947368421054,0.19588795016141483
153,2.3842105263157896,2.136842105263158,0.153120462510311
154,2.3842105263157896,2.3157894736842106,0.15221684843673872
155,2.3842105263157896,2.4947368421052634,0.17316603215869802
156,2.3842105263157896,2.673684210526316,0.20426041797007077
157,2.3842105263157896,2.8526315789473684,0.2386729628724127
158,2.3842105263157896,3.031578947368421,0.27254913488159793
159,2.3842105263157896,3.210526315789474,0.303863107774202
160,2.3842105263157896,3.389473684210526,0.331702453159525
161,2.3842105263157896,3.568421052631579,0.3558134842211205
162,2.3842105263157896,3.7473684210526317,0.3763129033271399
163,2.3842105263157896,3.9263157894736844,0.39350765803755455
164,2.3842105263157896,4.105263157894736,0.4077852909467201
165,2.3842105263157896,4.284210526315789,0.41954976457485843
166,2.3842105263157896,4.463157894736842,0.42918612539780815
167,2.3842105263157896,4.6421052631578945,0.43704303367009173
168,2.3842105263157896,4.821052631578947,0.44342601851504915
169,2.3842105263157896,5.0,0.448596891065303
170,2.3842105263157896,5.0,0.448596891065303
171,2.3842105263157896,5.333333333333333,0.455727796625091
172,2.3842105263157896,5.666666666666667,0.46049899945121614
173,2.3842105263157896,6.0,0.46367945717690007
174,2.3842105263157896,6.333333333333333,0.46579435026243665
175,2.3842105263157896,6.666666666666666,0.4671984180798918
176,2.3842105263157896,7.0,0.46812958373362396
177,2.3842105263157896,7.333333333333333,0.46874669242522793
178,2.3842105263157896,7.666666666666666,0.4691554778884479
179,2.3842105263157896,8.0,0.46942618296311667
180,2.5710526315789473,1.6,0.4691116638322906
181,2.5710526315789473,1.7789473684210528,0.21127014225784624
182,2.5710526315789473,1.9578947368421054,0.09547636512817387
183,2.5710526315789473,2.136842105263158,0.05618653227216719
184,2.5710526315789473,2.3157894736842106,0.05812990042636722
185,2.5710526315789473,2.4947368421052634,0.08131520997399026
186,2.5710526315789473,2.673684210526316,0.1141292485859882
187,2.5710526315789473,2.8526315789473684,0.14985122195986297
188,2.5710526315789473,3.031578947368421,0.18472121745990525
189,2.5710526315789473,3.210526315789474,0.216790080664373
190,2.5710526315789473,3.389473684210526,0.24520467550360933
191,2.5710526315789473,3.568421052631579,0.26975606396922724
192,2.5710526315789473,3.7473684210526317,0.29059431975896843
193,2.5710526315789473,3.9263157894736844,0.3080511683153583
194,2.5710526315789473,4.105263157894736,0.3225325581453517
195,2.5710526315789473,4.284210526315789,0.33445617334778704
196,2.5710526315789473,4.463157894736842,0.34421734614754973
197,2.5710526315789473,4.6421052631578945,0.3521724976372554
198,2.5710526315789473,4.821052631578947,0.358633053557167
199,2.5710526315789473,5.0,0.3638653363482152
200,2.5710526315789473,5.0,0.3638653363482152
201,2.5710526315789473,5.333333333333333,0.37107888796258504
202,2.5710526315789473,5.666666666666667,0.3759040993313129
203,2.5710526315789473,6.0,0.37911999728093
204,2.5710526315789473,6.333333333333333,0.3812582117530383
205,2.5710526315789473,6.666666666666666,0.38267765541107873
206,2.5710526315789473,7.0,0.38361897134004086
207,2.5710526315789473,7.333333333333333,0.3842427863937148
208,2.5710526315789473,7.666666666666666,0.38465600531544036
209,2.5710526315789473,8.0,0.3849296423772301
210,2.757894736842105,1.6,0.4168003600497077
211,2.757894736842105,1.7789473684210528,0.16203965775582962
212,2.757894736842105,1.9578947368421054,0.04947248544027925
213,2.757894736842105,2.136842105263158,0.012993296603745354
214,2.757894736842105,2.3157894736842106,0.017198904047406725
215,2.757894736842105,2.4947368421052634,0.04213422789907481
216,2.757894736842105,2.673684210526316,0.07627469725484719
217,2.757894736842105,2.8526315789473684,0.11299252991079248
218,2.757894736842105,3.031578947368421,0.1486080664367937
219,2.757894736842105,3.210526315789474,0.18123581685214532
220,2.757894736842105,3.389473684210526,0.21007102654584978
221,2.757894736842105,3.568421052631579,0.23494069304704487
222,2.757894736842105,3.7473684210526317,0.2560212791085349
223,2.757894736842105,3.9263157894736844,0.27366380870688584
224,2.757894736842105,4.105263157894736,0.2882883529425712
225,2.757894736842105,4.284210526315789,0.3003229711854226
226,2.757894736842105,4.463157894736842,0.31017066394727516
227,2.757894736842105,4.6421052631578945,0.318193561355195
228,2.757894736842105,4.821052631578947,0.3247073732446994
229,2.757894736842105,5.0,0.32998166273711416
230,2.757894736842105,5.0,0.32998166273711416
231,2.757894736842105,5.333333333333333,0.3372515220245288
232,2.757894736842105,5.666666666666667,0.34211338451738776
233,2.757894736842105,6.0,0.3453532679378608
234,2.757894736842105,6.333333333333333,0.3475072372567758
235,2.757894736842105,6.666666666666666,0.34893705542292813
236,2.757894736842105,7.0,0.34988521443469434
237,2.757894736842105,7.333333333333333,0.3505135483064484
238,2.757894736842105,7.666666666666666,0.35092975346075916
239,2.757894736842105,8.0,0.35120536493983584
240,2.944736842105263,1.6,0.39689447010453144
241,2.944736842105263,1.7789473684210528,0.14501367004426816
242,2.944736842105263,1.9578947368421054,0.035313694943946435
243,2.944736842105263,2.136842105263158,0.0012756203578342745
244,2.944736842105263,2.3157894736842106,0.007418599824757821
245,2.944736842105263,2.4947368421052634,0.033837287996988284
246,2.944736842105263,2.673684210526316,0.06909269649792815
247,2.944736842105263,2.8526315789473684,0.10664152766728463
248,2.944736842105263,3.031578947368421,0.1428751124711453
249,2.944736842105263,3.210526315789474,0.1759634001351045
250,2.944736842105263,3.389473684210526,0.20514330050353907
251,2.944736842105263,3.568421052631579,0.2302724836409953
252,2.944736842105263,3.7473684210526317,0.25154976376956734
253,2.944736842105263,3.9263157894736844,0.2693423964381169
254,2.944736842105263,4.105263157894736,0.2840822531465525
255,2.944736842105263,4.284210526315789,0.29620600870157143
256,2.944736842105263,4.463157894736842,0.3061229937756595
257,2.944736842105263,4.6421052631578945,0.31420002525253815
258,2.944736842105263,4.821052631578947,0.3207563119045635
259,2.944736842105263,5.0,0.3260640511976613
260,2.944736842105263,5.0,0.3260640511976613
261,2.944736842105263,5.333333333333333,0.3333786706843211
262,2.944736842105263,5.666666666666667,0.3382696178535132
263,2.944736842105263,6.0,0.3415285126881248
264,2.944736842105263,6.333333333333333,0.343694959719392
265,2.944736842105263,6.666666666666666,0.3451329900264553
266,2.944736842105263,7.0,0.3460865638792144
267,2.944736842105263,7.333333333333333,0.3467184725822724
268,2.944736842105263,7.666666666666666,0.3471370397682799
269,2.944736842105263,8.0,0.34741421279595364
270,3.1315789473684212,1.6,0.3953895032288707
271,3.1315789473684212,1.7789473684210528,0.14625605285737456
272,3.1315789473684212,1.9578947368421054,0.039174391493898904
273,3.1315789473684212,2.136842105263158,0.007324211287969092
274,3.1315789473684212,2.3157894736842106,0.015186571556671457
275,3.1315789473684212,2.4947368421052634,0.042914266097653676
276,3.1315789473684212,2.673684210526316,0.07915025131619456
277,3.1315789473684212,2.8526315789473684,0.117428498887387
278,3.1315789473684212,3.031578947368421,0.15420400120495617
279,3.1315789473684212,3.210526315789474,0.18769590471059674
280,3.1315789473684212,3.389473684210526,0.21717786598644964
281,3.1315789473684212,3.568421052631579,0.24253450615053973
282,3.1315789473684212,3.7473684210526317,0.26398423448810676
283,3.1315789473684212,3.9263157894736844,0.2819085179677351
284,3.1315789473684212,4.105263157894736,0.2967495532802843
285,3.1315789473684212,4.284210526315789,0.30895155230704513
286,3.1315789473684212,4.463157894736842,0.3189293843326288
287,3.1315789473684212,4.6421052631578945,0.32705396836635636
288,3.1315789473684212,4.821052631578947,0.33364757709682225
289,3.1315789473684212,5.0,0.3389847160362581
290,3.1315789473684212,5.0,0.3389847160362581
291,3.1315789473684212,5.333333333333333,0.34633868769254056
292,3.1315789473684212,5.666666666666667,0.35125521318315583
293,3.1315789473684212,6.0,0.354530831007107
294,3.1315789473684212,6.333333333333333,0.3567082553850334
295,3.1315789473684212,6.666666666666666,0.35815351108476
296,3.1315789473684212,7.0,0.3591118494607391
297,3.1315789473684212,7.333333333333333,0.35974690379984137
298,3.1315789473684212,7.666666666666666,0.36016754949252605
299,3.1315789473684212,8.0,0.36044609665616306
300,3.318421052631579,1.6,0.4038203316768908
301,3.318421052631579,1.7789473684210528,0.15728521763733488
302,3.318421052631579,1.9578947368421054,0.05259906502967008
303,3.318421052631579,2.136842105263158,0.022723036869648324
304,3.318421052631579,2.3157894736842106,0.03212693852666202
305,3.318421052631579,2.4947368421052634,0.061025169494520484
306,3.318421052631579,2.673684210526316,0.0981376080554339
307,3.318421052631579,2.8526315789473684,0.1370684074899371
308,3.318421052631579,3.031578947368421,0.17432957643625097
309,3.318421052631579,3.210526315789474,0.20818402843364237
310,3.318421052631579,3.389473684210526,0.2379380127884259
311,3.318421052631579,3.568421052631579,0.26350003582224296
312,3.318421052631579,3.7473684210526317,0.2851058839726192
313,3.318421052631579,3.9263157894736844,0.3031496477380983
314,3.318421052631579,4.105263157894736,0.31808271671074523
315,3.318421052631579,4.284210526315789,0.3303560320171532
316,3.318421052631579,4.463157894736842,0.34038942301106473
317,3.318421052631579,4.6421052631578945,0.34855749391720986
318,3.318421052631579,4.821052631578947,0.3551852785363715
319,3.318421052631579,5.0,0.3605493685322886
320,3.318421052631579,5.0,0.3605493685322886
321,3.318421052631579,5.333333333333333,0.3679394587665319
322,3.318421052631579,5.666666666666667,0.37287948947647953
323,3.318421052631579,6.0,0.376170487818503
324,3.318421052631579,6.333333333333333,0.3783580140756144
325,3.318421052631579,6.666666666666666,0.37980992148144693
326,3.318421052631579,7.0,0.38077264721180876
327,3.318421052631579,7.333333333333333,0.38141059866907695
328,3.318421052631579,7.666666666666666,0.38183315887641833
329,3.318421052631579,8.0,0.3821129718539843
330,3.5052631578947366,1.6,0.4171019006795924
331,3.5052631578947366,1.7789473684210528,0.1729803375644363
332,3.5052631578947366,1.9578947368421054,0.07046604936204022
333,3.5052631578947366,2.136842105263158,0.042362155229787125
334,3.5052631578947366,2.3157894736842106,0.05314430031805924
335,3.5052631578947366,2.4947368421052634,0.0830881075149027
336,3.5052631578947366,2.673684210526316,0.12098414990027015
337,3.5052631578947366,2.8526315789473684,0.16049957553780955
338,3.5052631578947366,3.031578947368421,0.19819706511872487
339,3.5052631578947366,3.210526315789474,0.2323782643035148
340,3.5052631578947366,3.389473684210526,0.26237823014937534
341,3.5052631578947366,3.568421052631579,0.2881265938098005
342,3.5052631578947366,3.7473684210526317,0.30987453972741263
343,3.5052631578947366,3.9263157894736844,0.3280273751799196
344,3.5052631578947366,4.105263157894736,0.3430446857290719
345,3.5052631578947366,4.284210526315789,0.35538343442312453
346,3.5052631578947366,4.463157894736842,0.3654679067081654
347,3.5052631578947366,4.6421052631578945,0.3736760305891048
348,3.5052631578947366,4.821052631578947,0.38033533965450106
349,3.5052631578947366,5.0,0.3857243210367735
350,3.5052631578947366,5.0,0.3857243210367735
351,3.5052631578947366,5.333333333333333,0.393147815558607
352,3.5052631578947366,5.666666666666667,0.3981096150397701
353,3.5052631578947366,6.0,0.40141487111462304
354,3.5052631578947366,6.333333333333333,0.4036117677989594
355,3.5052631578947366,6.666666666666666,0.4050698479303118
356,3.5052631578947366,7.0,0.4060366462580397
357,3.5052631578947366,7.333333333333333,0.4066772875040331
358,3.5052631578947366,7.666666666666666,0.40710162544206635
359,3.5052631578947366,8.0,0.4073826138959005
360,3.6921052631578943,1.6,0.43222592847272573
361,3.6921052631578943,1.7789473684210528,0.19030386529531956
362,3.6921052631578943,1.9578947368421054,0.08973419187668315
363,3.6921052631578943,2.136842105263158,0.06320575765563365
364,3.6921052631578943,2.3157894736842106,0.07521009693940112
365,3.6921052631578943,2.4947368421052634,0.10608104037931256
366,3.6921052631578943,2.673684210526316,0.144672905144504
367,3.6921052631578943,2.8526315789473684,0.18470867624640105
368,3.6921052631578943,3.031578947368421,0.22279563164820013
369,3.6921052631578943,3.210526315789474,0.2572694136575784
370,3.6921052631578943,3.389473684210526,0.2874903575025579
371,3.6921052631578943,3.568421052631579,0.31340665363826326
372,3.6921052631578943,3.7473684210526317,0.33528304506690926
373,3.6921052631578943,3.9263157894736844,0.3535347452820421
374,3.6921052631578943,4.105263157894736,0.3686286031632555
375,3.6921052631578943,4.284210526315789,0.381026938270828
376,3.6921052631578943,4.463157894736842,0.39115801488404595
377,3.6921052631578943,4.6421052631578945,0.3994027399875729
378,3.6921052631578943,4.821052631578947,0.406090895710261
379,3.6921052631578943,5.0,0.41150267986041916
380,3.6921052631578943,5.0,0.41150267986041916
381,3.6921052631578943,5.333333333333333,0.41895681353228265
382,3.6921052631578943,5.666666666666667,0.4239386043792786
383,3.6921052631578943,6.0,0.42725696506298133
384,3.6921052631578943,6.333333333333333,0.429462479218546
385,3.6921052631578943,6.666666666666666,0.43092623823601184
386,3.6921052631578943,7.0,0.4318967842947819
387,3.6921052631578943,7.333333333333333,0.4325399011886346
388,3.6921052631578943,7.666666666666666,0.43296587551243776
389,3.6921052631578943,8.0,0.43324794606310063
390,3.878947368421053,1.6,0.44746329376727667
391,3.878947368421053,1.7789473684210528,0.2075113011258784
392,3.878947368421053,1.9578947368421054,0.10866092662104887
393,3.878947368421053,2.136842105263158,0.08351826304350694
394,3.878947368421053,2.3157894736842106,0.09659592157056425
395,3.878947368421053,2.4947368421052634,0.1282813390698092
396,3.878947368421053,2.673684210526316,0.16748538722772177
397,3.878947368421053,2.8526315789473684,0.20797996931659604
398,3.878947368421053,3.031578947368421,0.24641123451909336
399,3.878947368421053,3.210526315789474,0.2811444052352656
400,3.878947368421053,3.389473684210526,0.3115618146116689
401,3.878947368421053,3.568421052631579,0.3376278264270569
402,3.878947368421053,3.7473684210526317,0.35961902532933226
403,3.878947368421053,3.9263157894736844,0.377959300649798
404,3.878947368421053,4.105263157894736,0.3931218824208239
405,3.878947368421053,4.284210526315789,0.40557381178581425
406,3.878947368421053,4.463157894736842,0.4157468720341545
407,3.878947368421053,4.6421052631578945,0.4240246135142519
408,3.878947368421053,4.821052631578947,0.4307388197793149
409,3.878947368421053,5.0,0.43617121567953343
410,3.878947368421053,5.0,0.43617121567953343
411,3.878947368421053,5.333333333333333,0.44365307275969773
412,3.878947368421053,5.666666666666667,0.44865297084455485
413,3.878947368421053,6.0,0.451983209267285
414,3.878947368421053,6.333333333333333,0.45419653775952484
415,3.878947368421053,6.666666666666666,0.45566544801125164
416,3.878947368421053,7.0,0.4566393942920696
417,3.878947368421053,7.333333333333333,0.4572847575913008
418,3.878947368421053,7.666666666666666,0.45771221691041913
419,3.878947368421053,8.0,0.4579952695077826
420,4.065789473684211,1.6,0.46187069471448156
421,4.065789473684211,1.7789473684210528,0.2236574362287645
422,4.065789473684211,1.9578947368421054,0.12630983891272785
423,4.065789473684211,2.136842105263158,0.10237386483129811
424,4.065789473684211,2.3157894736842106,0.11638517747360794
425,4.065789473684211,2.4947368421052634,0.14877943107993816
426,4.065789473684211,2.673684210526316,0.18851700663304982
427,4.065789473684211,2.8526315789473684,0.2294122290563303
428,4.065789473684211,3.031578947368421,0.26814482923236166
429,4.065789473684211,3.210526315789474,0.30310555540354067
430,4.065789473684211,3.389473684210526,0.3336957306949442
431,4.065789473684211,3.568421052631579,0.359893699485264
432,4.065789473684211,3.7473684210526317,0.38198630310266046
433,4.065789473684211,3.9263157894736844,0.4004049638192764
434,4.065789473684211,4.105263157894736,0.4156284672152806
435,4.065789473684211,4.284210526315789,0.428127976780665
436,4.065789473684211,4.463157894736842,0.4383383569279452
437,4.065789473684211,4.6421052631578945,0.4466454788042988
438,4.065789473684211,4.821052631578947,0.453382887695674
439,4.065789473684211,5.0,0.45883365579616986
440,4.065789473684211,5.0,0.45883365579616986
441,4.065789473684211,5.333333333333333,0.4663402442076967
442,4.065789473684211,5.666666666666667,0.47135630837182
443,4.065789473684211,6.0,0.47469715704599175
444,4.065789473684211,6.333333333333333,0.4769174685935422
445,4.065789473684211,6.666666666666666,0.4783909832435252
446,4.065789473684211,7.0,0.4793679692968418
447,4.065789473684211,7.333333333333333,0.48001534108756894
448,4.065789473684211,7.666666666666666,0.48044412822568533
449,4.065789473684211,8.0,0.48072805896983734
450,4.252631578947368,1.6,0.4749833064016514
451,4.252631578947368,1.7789473684210528,0.2382859038492096
452,4.252631578947368,1.9578947368421054,0.14223887613377426
453,4.252631578947368,2.136842105263158,0.11934429085721027
454,4.252631578947368,2.3157894736842106,0.13416081775394686
455,4.252631578947368,2.4947368421052634,0.16716671289043797
456,4.252631578947368,2.673684210526316,0.20736522741472058
457,4.252631578947368,2.8526315789473684,0.24860715628877453
458,4.252631578947368,3.031578947368421,0.2876010191243303
459,4.252631578947368,3.210526315789474,0.3227594303218871
460,4.252631578947368,3.389473684210526,0.35349998761032186
461,4.252631578947368,3.568421052631579,0.37981303148187684
462,4.252631578947368,3.7473684210526317,0.4019942193418175
463,4.252631578947368,3.9263157894736844,0.42048146181757473
464,4.252631578947368,4.105263157894736,0.4357583405568034
465,4.252631578947368,4.284210526315789,0.4482995862492805
466,4.252631578947368,4.463157894736842,0.4585427357638368
467,4.252631578947368,4.6421052631578945,0.4668756777690146
468,4.252631578947368,4.821052631578947,0.47363349229252955
469,4.252631578947368,5.0,0.47910042752892684
470,4.252631578947368,5.0,0.47910042752892684
471,4.252631578947368,5.333333333333333,0.48662879307524465
472,4.252631578947368,5.666666666666667,0.49165910138742636
473,4.252631578947368,6.0,0.4950093029732226
474,4.252631578947368,6.333333333333333,0.49723577187656426
475,4.252631578947368,6.666666666666666,0.49871334728468036
476,4.252631578947368,7.0,0.4996930145573458
477,4.252631578947368,7.333333333333333,0.5003421580848422
478,4.252631578947368,7.666666666666666,0.5007721165907418
479,4.252631578947368,8.0,0.5010568220432289
480,4.439473684210526,1.6,0.4866226294546286
481,4.439473684210526,1.7789473684210528,0.2512335169859978
482,4.439473684210526,1.9578947368421054,0.15630267263160857
483,4.439473684210526,2.136842105263158,0.13429993509555704
484,4.439473684210526,2.3157894736842106,0.14980574195926818
485,4.439473684210526,2.4947368421052634,0.18333547441076534
486,4.439473684210526,2.673684210526316,0.22392917552656988
487,4.439473684210526,2.8526315789473684,0.2654687667309196
488,4.439473684210526,3.031578947368421,0.3046872855175519
489,4.439473684210526,3.210526315789474,0.3400159591277669
490,4.439473684210526,3.389473684210526,0.3708862447251877
491,4.439473684210526,3.568421052631579,0.3972987095592054
492,4.439473684210526,3.7473684210526317,0.41955653788493547
493,4.439473684210526,3.9263157894736844,0.4381031895000365
494,4.439473684210526,4.105263157894736,0.45342635565109196
495,4.439473684210526,4.284210526315789,0.46600382959928005
496,4.439473684210526,4.463157894736842,0.47627544702827856
497,4.439473684210526,4.6421052631578945,0.4846308352454317
498,4.439473684210526,4.821052631578947,0.49140639913320866
499,4.439473684210526,5.0,0.4968874036350267
500,4.439473684210526,5.0,0.4968874036350267
501,4.439473684210526,5.333333333333333,0.504434730218528
502,4.439473684210526,5.666666666666667,0.5094774470040415
503,4.439473684210526,6.0,0.5128357989815195
504,4.439473684210526,6.333333333333333,0.515067634825012
505,4.439473684210526,6.666666666666666,0.5165487502647803
506,4.439473684210526,7.0,0.5175307551761836
507,4.439473684210526,7.333333333333333,0.5181814435105815
508,4.439473684210526,7.666666666666666,0.5186124233984053
509,4.439473684210526,8.0,0.518897804383495
510,4.626315789473684,1.6,0.4967764042645088
511,4.626315789473684,1.7789473684210528,0.26250716328057005
512,4.626315789473684,1.9578947368421054,0.16852758554939648
513,4.626315789473684,2.136842105263158,0.1472836858357157
514,4.626315789473684,2.3157894736842106,0.16337579764132812
515,4.626315789473684,2.4947368421052634,0.19735130817978075
516,4.626315789473684,2.673684210526316,0.23828160773309534
517,4.626315789473684,2.8526315789473684,0.28007502372725773
518,4.626315789473684,3.031578947368421,0.31948535895359426
519,4.626315789473684,3.210526315789474,0.35495959924899345
520,4.626315789473684,3.389473684210526,0.38594094081027447
521,4.626315789473684,3.568421052631579,0.41243862091813627
522,4.626315789473684,3.7473684210526317,0.43476221283763594
523,4.626315789473684,3.9263157894736844,0.4533598934768097
524,4.626315789473684,4.105263157894736,0.46872285292500193
525,4.626315789473684,4.284210526315789,0.4813314960271055
526,4.626315789473684,4.463157894736842,0.4916276218400366
527,4.626315789473684,4.6421052631578945,0.5000023448273062
528,4.626315789473684,4.821052631578947,0.5067932046624092
529,4.626315789473684,5.0,0.5122863382646125
530,4.626315789473684,5.0,0.5122863382646125
531,4.626315789473684,5.333333333333333,0.5198500178145028
532,4.626315789473684,5.666666666666667,0.5249034406171096
533,4.626315789473684,6.0,0.5282688266681439
534,4.626315789473684,6.333333333333333,0.5305052952220907
535,4.626315789473684,6.666666666666666,0.5319894667725107
536,4.626315789473684,7.0,0.5329734899341454
537,4.626315789473684,7.333333333333333,0.5336255120833993
538,4.626315789473684,7.666666666666666,0.5340573738832709
539,4.626315789473684,8.0,0.5343433381709085
540,4.813157894736842,1.6,0.5055239352586801
541,4.813157894736842,1.7789473684210528,0.27220684748827434
542,4.813157894736842,1.9578947368421054,0.17903330307991888
543,4.813157894736842,2.136842105263158,0.15843157367436433
544,4.813157894736842,2.3157894736842106,0.1750197472475652
545,4.813157894736842,2.4947368421052634,0.20937257026134387
546,4.813157894736842,2.673684210526316,0.2505879838628579
547,4.813157894736842,2.8526315789473684,0.29259660539379867
548,4.813157894736842,3.031578947368421,0.3321697435983455
549,4.813157894736842,3.210526315789474,0.3677676662381967
550,4.813157894736842,3.389473684210526,0.39884346731450226
551,4.813157894736842,3.568421052631579,0.42541369991193645
552,4.813157894736842,3.7473684210526317,0.44779333392917847
553,4.813157894736842,3.9263157894736844,0.4664345354608959
554,4.813157894736842,4.105263157894736,0.481831457307796
555,4.813157894736842,4.284210526315789,0.4944667186115808
556,4.813157894736842,4.463157894736842,0.5047837852542616
557,4.813157894736842,4.6421052631578945,0.5131750357673411
558,4.813157894736842,4.821052631578947,0.5199789754660041
559,4.813157894736842,5.0,0.5254824840205065
560,4.813157894736842,5.0,0.5254824840205065
561,4.813157894736842,5.333333333333333,0.533060156078782
562,4.813157894736842,5.666666666666667,0.5381227424923238
563,4.813157894736842,6.0,0.5414941505376528
564,4.813157894736842,6.333333333333333,0.5437345858185862
565,4.813157894736842,6.666666666666666,0.5452213743999464
566,4.813157894736842,7.0,0.5462071259574114
567,4.813157894736842,7.333333333333333,0.5468602904131593
568,4.813157894736842,7.666666666666666,0.5472929075224777
569,4.813157894736842,8.0,0.5475793713864243
570,5.0,1.6,0.5129901480445035
571,5.0,1.7789473684210528,0.2804781724590787
572,5.0,1.9578947368421054,0.18798434135615721
573,5.0,2.136842105263158,0.16792360604800738
574,5.0,2.3157894736842106,0.18492962573692906
575,5.0,2.4947368421052634,0.2196003762840457
576,5.0,2.673684210526316,0.26105617913705154
577,5.0,2.8526315789473684,0.30324638977586343
578,5.0,3.031578947368421,0.3429570185739606
579,5.0,3.210526315789474,0.37865948567629676
580,5.0,3.389473684210526,0.4098151986627118
581,5.0,3.568421052631579,0.4364468594438774
582,5.0,3.7473684210526317,0.45887397759359017
583,5.0,3.9263157894736844,0.47755207823845974
584,5.0,4.105263157894736,0.4929778115100474
585,5.0,4.284210526315789,0.5056356650210045
586,5.0,4.463157894736842,0.5159705126231037
587,5.0,4.6421052631578945,0.524375801661512
588,5.0,4.821052631578947,0.53119085467703
589,5.0,5.0,0.5367031804464815
590,5.0,5.0,0.5367031804464815
591,5.0,5.333333333333333,0.5442927472281927
592,5.0,5.666666666666667,0.5493631254332673
593,5.0,6.0,0.5527396548571181
594,5.0,6.333333333333333,0.5549834640197702
595,5.0,6.666666666666666,0.5564724786798372
596,5.0,7.0,0.5574597005090297
597,5.0,7.333333333333333,0.5581138367094327
598,5.0,7.666666666666666,0.5585470963651119
599,5.0,8.0,0.5588339852281899
600,5.0,1.6,0.5129901480445035
601,5.0,1.7789473684210528,0.2804781724590787
602,5.0,1.9578947368421054,0.18798434135615721
603,5.0,2.136842105263158,0.16792360604800738
604,5.0,2.3157894736842106,0.18492962573692906
605,5.0,2.4947368421052634,0.2196003762840457
606,5.0,2.673684210526316,0.26105617913705154
607,5.0,2.8526315789473684,0.30324638977586343
608,5.0,3.031578947368421,0.3429570185739606
609,5.0,3.210526315789474,0.37865948567629676
610,5.0,3.389473684210526,0.4098151986627118
611,5.0,3.568421052631579,0.4364468594438774
612,5.0,3.7473684210526317,0.45887397759359017
613,5.0,3.9263157894736844,0.47755207823845974
614,5.0,4.105263157894736,0.4929778115100474
615,5.0,4.284210526315789,0.5056356650210045
616,5.0,4.463157894736842,0.5159705126231037
617,5.0,4.6421052631578945,0.524375801661512
618,5.0,4.821052631578947,0.53119085467703
619,5.0,5.0,0.5367031804464815
620,5.0,5.0,0.5367031804464815
621,5.0,5.333333333333333,0.5442927472281927
622,5.0,5.666666666666667,0.5493631254332673
623,5.0,6.0,0.5527396548571181
624,5.0,6.333333333333333,0.5549834640197702
625,5.0,6.666666666666666,0.5564724786798372
626,5.0,7.0,0.5574597005090297
627,5.0,7.333333333333333,0.5581138367094327
628,5.0,7.666666666666666,0.5585470963651119
629,5.0,8.0,0.5588339852281899
630,5.333333333333333,1.6,0.5235766973256963
631,5.333333333333333,1.7789473684210528,0.2921965044040818
632,5.333333333333333,1.9578947368421054,0.2006555148913656
633,5.333333333333333,2.136842105263158,0.18135239453393395
634,5.333333333333333,2.3157894736842106,0.19894349756310512
635,5.333333333333333,2.4947368421052634,0.23405958838805016
636,5.333333333333333,2.673684210526316,0.2758523443353836
637,5.333333333333333,2.8526315789473684,0.3182973010511109
638,5.333333333333333,3.031578947368421,0.35820098825982877
639,5.333333333333333,3.210526315789474,0.394050389352213
640,5.333333333333333,3.389473684210526,0.42531851786437747
641,5.333333333333333,3.568421052631579,0.45203666565827594
642,5.333333333333333,3.7473684210526317,0.4745306901100667
643,5.333333333333333,3.9263157894736844,0.4932608182187528
644,5.333333333333333,4.105263157894736,0.5087271997282147
645,5.333333333333333,4.284210526315789,0.5214169435886912
646,5.333333333333333,4.463157894736842,0.5317769011205455
647,5.333333333333333,4.6421052631578945,0.5402020223637319
648,5.333333333333333,4.821052631578947,0.5470327799350158
649,5.333333333333333,5.0,0.5525575687102817
650,5.333333333333333,5.0,0.5525575687102817
651,5.333333333333333,5.333333333333333,0.5601639530933208
652,5.333333333333333,5.666666666666667,0.5652453508439941
653,5.333333333333333,6.0,0.5686291244985107
654,5.333333333333333,6.333333333333333,0.5708777066275352
655,5.333333333333333,6.666666666666666,0.5723698707364829
656,5.333333333333333,7.0,0.5733591728147088
657,5.333333333333333,7.333333333333333,0.5740146839610526
658,5.333333333333333,7.666666666666666,0.5744488527936037
659,5.333333333333333,8.0,0.5747363430226993
660,5.666666666666667,1.6,0.5313375697134683
661,5.666666666666667,1.7789473684210528,0.30078103559551583
662,5.666666666666667,1.9578947368421054,0.20993164876234313
663,5.666666666666667,2.136842105263158,0.1911779077359065
664,5.666666666666667,2.3157894736842106,0.20919323713607002
665,5.666666666666667,2.4947368421052634,0.2446323531808975
666,5.666666666666667,2.673684210526316,0.28666967789816084
667,5.666666666666667,2.8526315789473684,0.32929968720006725
668,5.666666666666667,3.031578947368421,0.3693437413094956
669,5.666666666666667,3.210526315789474,0.40530007066763496
670,5.666666666666667,3.389473684210526,0.43665007923550125
671,5.666666666666667,3.568421052631579,0.46343127326003486
672,5.666666666666667,3.7473684210526317,0.4859741066026903
673,5.666666666666667,3.9263157894736844,0.504742214447786
674,5.666666666666667,4.105263157894736,0.5202382860429964
675,5.666666666666667,4.284210526315789,0.5329513346253444
676,5.666666666666667,4.463157894736842,0.5433296496028385
677,5.666666666666667,4.6421052631578945,0.5517692749349723
678,5.666666666666667,4.821052631578947,0.5586115212373539
679,5.666666666666667,5.0,0.5641454295752641
680,5.666666666666667,5.0,0.5641454295752641
681,5.666666666666667,5.333333333333333,0.5717641231222524
682,5.666666666666667,5.666666666666667,0.5768535883884381
683,5.666666666666667,6.0,0.5802426665371272
684,5.666666666666667,6.333333333333333,0.5824947440177876
685,5.666666666666667,6.666666666666666,0.5839892147200004
686,5.666666666666667,7.0,0.5849800404103174
687,5.666666666666667,7.333333333333333,0.5856365586268637
688,5.666666666666667,7.666666666666666,0.586071393395405
689,5.666666666666667,8.0,0.5863593241079662
690,6.0,1.6,0.5369673059170678
691,6.0,1.7789473684210528,0.3070055867285024
692,6.0,1.9578947368421054,0.21665474525981432
693,6.0,2.136842105263158,0.1982967720871751
694,6.0,2.3157894736842106,0.21661769268773987
695,6.0,2.4947368421052634,0.25228956365680255
696,6.0,2.673684210526316,0.29450319447849377
697,6.0,2.8526315789473684,0.33726668270689886
698,6.0,3.031578947368421,0.3774120474655286
699,6.0,3.210526315789474,0.41344560203706
700,6.0,3.389473684210526,0.4448547819461452
701,6.0,3.568421052631579,0.4716815629694753
702,6.0,3.7473684210526317,0.4942597070019617
703,6.0,3.9263157894736844,0.5130553038524466
704,6.0,4.105263157894736,0.5285728731699018
705,6.0,4.284210526315789,0.5413028018132069
706,6.0,4.463157894736842,0.5516944173087448
707,6.0,4.6421052631578945,0.5601445538462498
708,6.0,4.821052631578947,0.5669951277898166
709,6.0,5.0,0.5725356475737597
710,6.0,5.0,0.5725356475737597
711,6.0,5.333333333333333,0.5801632665547379
712,6.0,5.666666666666667,0.5852585826544773
713,6.0,6.0,0.5886515082633218
714,6.0,6.333333333333333,0.5909061212001632
715,6.0,6.666666666666666,0.5924022651480344
716,6.0,7.0,0.5933941961346638
717,6.0,7.333333333333333,0.5940514449424185
718,6.0,7.666666666666666,0.5944867628299128
719,6.0,8.0,0.5947750131049445
720,6.333333333333333,1.6,0.5410224051129692
721,6.333333333333333,1.7789473684210528,0.31148791590404146
722,6.333333333333333,1.9578947368421054,0.22149470980435398
723,6.333333333333333,2.136842105263158,0.2034205180617644
724,6.333333333333333,2.3157894736842106,0.22196055233599374
725,6.333333333333333,2.4947368421052634,0.25779934518293274
726,6.333333333333333,2.673684210526316,0.3001394573160954
727,6.333333333333333,2.8526315789473684,0.34299874191617474
728,6.333333333333333,3.031578947368421,0.38321684839257575
729,6.333333333333333,3.210526315789474,0.41930587596334823
730,6.333333333333333,3.389473684210526,0.4507575785913895
731,6.333333333333333,3.568421052631579,0.4776171332607269
732,6.333333333333333,3.7473684210526317,0.5002206722607379
733,6.333333333333333,3.9263157894736844,0.5190360451887075
734,6.333333333333333,4.105263157894736,0.5345690846743429
735,6.333333333333333,4.284210526315789,0.5473111634398022
736,6.333333333333333,4.463157894736842,0.5577123544741568
737,6.333333333333333,4.6421052631578945,0.5661700597050257
738,6.333333333333333,4.821052631578947,0.573026630891265
739,6.333333333333333,5.0,0.578571912534736
740,6.333333333333333,5.0,0.578571912534736
741,6.333333333333333,5.333333333333333,0.5862059608205075
742,6.333333333333333,5.666666666666667,0.5913054920031198
743,6.333333333333333,6.0,0.5947011896478316
744,6.333333333333333,6.333333333333333,0.5969576294445305
745,6.333333333333333,6.666666666666666,0.5984549790532123
746,6.333333333333333,7.0,0.5994477064834414
747,6.333333333333333,7.333333333333333,0.600105481742216
748,6.333333333333333,7.666666666666666,0.6005411477604711
749,6.333333333333333,8.0,0.6008296283107588
750,6.666666666666666,1.6,0.5439292907047036
751,6.666666666666666,1.7789473684210528,0.31470049254840954
752,6.666666666666666,1.9578947368421054,0.22496295799778104
753,6.666666666666666,2.136842105263158,0.207091577739724
754,6.666666666666666,2.3157894736842106,0.22578820379417439
755,6.666666666666666,2.4947368421052634,0.26174630588491987
756,6.666666666666666,2.673684210526316,0.3041768432685437
757,6.666666666666666,2.8526315789473684,0.34710463530907476
758,6.666666666666666,3.031578947368421,0.3873747782429925
759,6.666666666666666,3.210526315789474,0.42350350142642723
760,6.666666666666666,3.389473684210526,0.45498564187149754
761,6.666666666666666,3.568421052631579,0.4818686625711734
762,6.666666666666666,3.7473684210526317,0.5044903890825135
763,6.666666666666666,3.9263157894736844,0.5233199285501526
764,6.666666666666666,4.105263157894736,0.5388640522227829
765,6.666666666666666,4.284210526315789,0.5516148378647646
766,6.666666666666666,4.463157894736842,0.5620228917828672
767,6.666666666666666,4.6421052631578945,0.5704860222164422
768,6.666666666666666,4.821052631578947,0.5773468926215433
769,6.666666666666666,5.0,0.582895588157713
770,6.666666666666666,5.0,0.582895588157713
771,6.666666666666666,5.333333333333333,0.5905342461733908
772,6.666666666666666,5.666666666666667,0.5956367997784024
773,6.666666666666666,6.0,0.5990344852259663
774,6.666666666666666,6.333333333333333,0.6012922350995106
775,6.666666666666666,6.666666666666666,0.6027904493337991
776,6.666666666666666,7.0,0.603783747934275
777,6.666666666666666,7.333333333333333,0.6044419007422658
778,6.666666666666666,7.666666666666666,0.6048778164276426
779,6.666666666666666,8.0,0.6051664621240797
780,7.0,1.6,0.5460061911152759
781,7.0,1.7789473684210528,0.31699553183274565
782,7.0,1.9578947368421054,0.22744033113227993
783,7.0,2.136842105263158,0.20971355622598942
784,7.0,2.3157894736842106,0.22852183133126508
785,7.0,2.4947368421052634,0.26456500880787864
786,7.0,2.673684210526316,0.3070600361693332
787,7.0,2.8526315789473684,0.35003669669531157
788,7.0,3.031578947368421,0.3903439670307403
789,7.0,3.210526315789474,0.42650101885822783
790,7.0,3.389473684210526,0.4580048857933251
791,7.0,3.568421052631579,0.4849046598532387
792,7.0,3.7473684210526317,0.5075393735055616
793,7.0,3.9263157894736844,0.5263790304691389
794,7.0,4.105263157894736,0.5419310713674368
795,7.0,4.284210526315789,0.554688076901557
796,7.0,4.463157894736842,0.5651010339165133
797,7.0,4.6421052631578945,0.5735680406385865
798,7.0,4.821052631578947,0.5804319830337313
799,7.0,5.0,0.5859831180931178
800,7.0,5.0,0.5859831180931178
801,7.0,5.333333333333333,0.5936250703651136
802,7.0,5.666666666666667,0.5987297840184049
803,7.0,6.0,0.6021288901564206
804,7.0,6.333333333333333,0.6043875763728451
805,7.0,6.666666666666666,0.6058864085868871
806,7.0,7.0,0.6068801154287836
807,7.0,7.333333333333333,0.6075385380906192
808,7.0,7.666666666666666,0.6079746322268972
809,7.0,8.0,0.6082633959628457
810,7.333333333333333,1.6,0.5474866735695761
811,7.333333333333333,1.7789473684210528,0.3186313803635051
812,7.333333333333333,1.9578947368421054,0.22920598839076542
813,7.333333333333333,2.136842105263158,0.21158214673856915
814,7.333333333333333,2.3157894736842106,0.2304698953988544
815,7.333333333333333,2.4947368421052634,0.26657363522083305
816,7.333333333333333,2.673684210526316,0.30911457630371547
817,7.333333333333333,2.8526315789473684,0.352126033834919
818,7.333333333333333,3.031578947368421,0.39245974500746206
819,7.333333333333333,3.210526315789474,0.42863697467039563
820,7.333333333333333,3.389473684210526,0.46015631921482264
821,7.333333333333333,3.568421052631579,0.4870680297773459
822,7.333333333333333,3.7473684210526317,0.5097119977331919
823,7.333333333333333,3.9263157894736844,0.5285588649724503
824,7.333333333333333,4.105263157894736,0.5441165486635506
825,7.333333333333333,4.284210526315789,0.5568779876300021
826,7.333333333333333,4.463157894736842,0.5672944397341289
827,7.333333333333333,4.6421052631578945,0.5757642097652077
828,7.333333333333333,4.821052631578947,0.5826303422121544
829,7.333333333333333,5.0,0.5881832165016135
830,7.333333333333333,5.0,0.5881832165016135
831,7.333333333333333,5.333333333333333,0.5958275174779862
832,7.333333333333333,5.666666666666667,0.6009337712457925
833,7.333333333333333,6.0,0.6043338903654837
834,7.333333333333333,6.333333333333333,0.6065932442267247
835,7.333333333333333,6.666666666666666,0.6080925170874014
836,7.333333333333333,7.0,0.609086515025832
837,7.333333333333333,7.333333333333333,0.6097451301080509
838,7.333333333333333,7.666666666666666,0.6101813514899566
839,7.333333333333333,8.0,0.610470199394994
840,7.666666666666666,1.6,0.5485403118632883
841,7.666666666666666,1.7789473684210528,0.3197955267972055
842,7.666666666666666,1.9578947368421054,0.2304624367019828
843,7.666666666666666,2.136842105263158,0.212911779101169
844,7.666666666666666,2.3157894736842106,0.23185603198494517
845,7.666666666666666,2.4947368421052634,0.2680028327071731
846,7.666666666666666,2.673684210526316,0.3105764220037528
847,7.666666666666666,2.8526315789473684,0.3536126254322723
848,7.666666666666666,3.031578947368421,0.3939651420842621
849,7.666666666666666,3.210526315789474,0.4301567243933029
850,7.666666666666666,3.389473684210526,0.4616870794519009
851,7.666666666666666,3.568421052631579,0.4886072822850716
852,7.666666666666666,3.7473684210526317,0.5112578348399724
853,7.666666666666666,3.9263157894736844,0.5301098327225765
854,7.666666666666666,4.105263157894736,0.5456715319530979
855,7.666666666666666,4.284210526315789,0.5584361260360361
856,7.666666666666666,4.463157894736842,0.5688550655946658
857,7.666666666666666,4.6421052631578945,0.5773268023541372
858,7.666666666666666,4.821052631578947,0.5841944935792059
859,7.666666666666666,5.0,0.5897486058078165
860,7.666666666666666,5.0,0.5897486058078165
861,7.666666666666666,5.333333333333333,0.5973945785827551
862,7.666666666666666,5.666666666666667,0.6025019286311375
863,7.666666666666666,6.0,0.6059027688237135
864,7.666666666666666,6.333333333333333,0.6081625979424923
865,7.666666666666666,6.666666666666666,0.6096621844767693
866,7.666666666666666,7.0,0.6106563896330658
867,7.666666666666666,7.333333333333333,0.6113151416908181
868,7.666666666666666,7.666666666666666,0.6117514536534842
869,7.666666666666666,8.0,0.6120403614750294
870,8.0,1.6,0.5492893240160549
871,8.0,1.7789473684210528,0.3206230658153941
872,8.0,1.9578947368421054,0.2313555512428576
873,8.0,2.136842105263158,0.2138568831034108
874,8.0,2.3157894736842106,0.23284127605593483
875,8.0,2.4947368421052634,0.2690186679447933
876,8.0,2.673684210526316,0.31161545244760663
877,8.0,2.8526315789473684,0.35466923808658307
878,8.0,3.031578947368421,0.3950351172647432
879,8.0,3.210526315789474,0.43123689887083066
880,8.0,3.389473684210526,0.4627750788265313
881,8.0,3.568421052631579,0.48970131732688577
882,8.0,3.7473684210526317,0.5123565500156931
883,8.0,3.9263157894736844,0.5312121948084566
884,8.0,4.105263157894736,0.5467767484612697
885,8.0,4.284210526315789,0.5595435854331554
886,8.0,4.463157894736842,0.5699642933195491
887,8.0,4.6421052631578945,0.5784374282644233
888,8.0,4.821052631578947,0.5853062276821368
889,8.0,5.0,0.590861220024861
890,8.0,5.0,0.590861220024861
891,8.0,5.333333333333333,0.5985083813924874
892,8.0,5.666666666666667,0.6036165108762072
893,8.0,6.0,0.6070178637457468
894,8.0,6.333333333333333,0.6092780307720482
895,8.0,6.666666666666666,0.6107778403293123
896,8.0,7.0,0.6117721928188449
897,8.0,7.333333333333333,0.6124310422673619
898,8.0,7.666666666666666,0.6128674186338384
899,8.0,8.0,0.6131563690566636
